"structure_number","county","facility_carried","location","year_built","bridge_age","deck_rating","superstructure_rating","substructure_rating","lowest_rating","bridge_condition","daily_traffic","percent_truck_traffic","poor_condition"
"C002800205P    ",55,"'COUNTRY ROAD'","'.3M W OF 276TH STREET'",1927,99,"5","6","6",5,"F",81,10,FALSE
"C002800403     ",55,"'PAWNEE ROAD'","'1S 2.5W N133/WASHGTON CL'",1992,34,"N","N","N",5,"F",116,0,FALSE
"C002800405     ",55,"'PAWNEE ROAD'","'JCT N36/N133 1N .8E'",2010,16,"7","8","7",7,"G",85,0,FALSE
"C002800410     ",55,"'PAWNEE ROAD'","'JCT N36/N133 1N 1E'",2020,6,"7","7","8",7,"G",57,0,FALSE
"C002800420P    ",55,"'PONCA RD/COLL 7949'","'42ND & PONCA ROAD'",1985,41,"5","5","7",5,"F",350,0,FALSE
"C002800605     ",55,"'288TH ST'","'1W 3N VALLEY'",2022,4,"8","8","8",8,"G",100,10,FALSE
"C002800610     ",55,"'BENNINGTON ROAD'","'3N 2E OF VALLEY'",1992,34,"6","6","7",6,"F",62,0,FALSE
"C002800805     ",55,"'RINGWOOD ROAD'","'2NE OF VALLEY'",2010,16,"7","7","8",7,"G",200,10,FALSE
"C002800810     ",55,"'RAINWOOD ROAD'","'2N 2.5E OF VALLEY'",1958,68,"6","4","4",4,"P",91,0,TRUE
"C002801005     ",55,"'STATE STREET'","'1N 1.5E OF VALLEY'",2019,7,"N","N","N",8,"G",25,0,FALSE
"C002801010     ",55,"'STATE STREET'","'1N 1.7E OF VALLEY'",2024,2,"8","8","8",8,"G",46,0,FALSE
"C002801105     ",55,"'BENNINGTON RD'","'3N .5W OF VALLEY'",2022,4,"8","8","8",8,"G",238,10,FALSE
"C002801105P    ",55,"'282ND STREET'","'4.7N OF VALLEY'",1930,96,"6","6","6",6,"F",81,0,FALSE
"C002801205P    ",55,"'GINGER COVE ROAD'","'JCT US275/N64 2W .5S'",1971,55,"5","4","6",4,"P",50,0,TRUE
"C002801403P    ",55,"'OLD MAPLE ROAD'","'JCT US275/N64 .75E'",1989,37,"N","N","N",7,"G",5,0,FALSE
"C002801505     ",55,"'264TH ST'","'WJCT US275/N92 2W 1S'",1983,43,"7","8","7",7,"G",1300,0,FALSE
"C002801510     ",55,"'264TH STREET'","'2N 1E OF VALLEY'",2020,6,"8","8","8",8,"G",103,0,FALSE
"C002801515     ",55,"'264TH ST'","'3.5N 1E OF VALLEY'",2020,6,"N","N","N",8,"G",78,0,FALSE
"C002801520     ",55,"'264TH ST'","'4N 1E OF VALLEY'",2023,3,"8","8","8",8,"G",105,0,FALSE
"C002801525     ",55,"'264TH STREET'","'5N 1E OF VALLEY'",2018,8,"7","8","8",7,"G",77,0,FALSE
"C002801605     ",55,"'WEST MAPLE ROAD'","'1SW OF VALLEY'",2011,15,"N","N","N",7,"G",197,10,FALSE
"C002801610     ",55,"'WEST MAPLE ROAD'","'1SW VALLEY'",1985,41,"N","N","N",5,"F",197,10,FALSE
"C002801615     ",55,"'WEST MAPLE ROAD'","'1SW VALLEY'",1985,41,"N","N","N",5,"F",197,10,FALSE
"C002801705     ",55,"'252ND STREET'","'5.5S 1W OF WATERLOO'",1991,35,"7","7","7",7,"G",106,0,FALSE
"C002801710     ",55,"'252ND STREET'","'1W OF WATERLOO'",2018,8,"N","N","N",8,"G",163,0,FALSE
"C002801715     ",55,"'252ND ST;COLL 7947'","'1W 1N OF WATERLOO'",1926,100,"5","4","4",4,"P",609,0,TRUE
"C002801720     ",55,"'252ND RD'","'1.2W 2.2N OF WATERLOO'",2020,6,"N","N","N",8,"G",1055,0,FALSE
"C002801725     ",55,"'COLL 7947/252ND'","'1W 3N OF WATERLOO'",1994,32,"7","7","6",6,"F",1093,0,FALSE
"C002801730     ",55,"'COLL 7947'","'2E 2.7N OF VALLEY'",1975,51,"7","6","6",6,"F",986,0,FALSE
"C002801735     ",55,"'252ND STREET'","'4.5N 2E OF VALLEY'",1932,94,"5","4","4",4,"P",47,0,TRUE
"C002801805     ",55,"'BLONDO STREET'","'.5S OF WATERLOO'",2002,24,"N","N","N",7,"G",107,10,FALSE
"C002801905     ",55,"'240TH STREET'","'4S OF WATERLOO'",1987,39,"6","6","8",6,"F",101,0,FALSE
"C002802005     ",55,"'WEST DODGE RD'","'1.5S 1W WATERLOO'",1990,36,"N","N","N",7,"G",1030,0,FALSE
"C002802205     ",55,"'PACIFIC STREET'","'2.5S 3W OF WATERLOO'",1987,39,"N","N","N",6,"F",213,10,FALSE
"C002802210     ",55,"'PACIFIC STREET'","'252ND ST AND PACIFIC'",1990,36,"N","N","N",7,"G",480,25,FALSE
"C002802460P    ",55,"'WEIR STREET'","'.1E OF 197TH ON WEIR ST'",2005,21,"N","N","N",7,"G",500,10,FALSE
"C002802470P    ",55,"'ORCHARD AVE'","'.02E OF 196TH ON ORCHARD'",2005,21,"N","N","N",5,"F",500,10,FALSE
"C002802480P    ",55,"'L STREET'","'.1E OF 194 AVE ON L ST'",2004,22,"N","N","N",5,"F",500,10,FALSE
"C002802490P    ",55,"'L STREET'","'.1 E OF 194TH AVE ON L ST'",2004,22,"N","N","N",6,"F",500,10,FALSE
"C002802495P    ",55,"'G STREET'","'200 E OF 200TH ST & G ST'",2005,21,"N","N","N",7,"G",100,1,FALSE
"C002802505P    ",55,"'GROVER STREET'","'.25 W OF 192ND STREET'",2004,22,"N","N","N",7,"G",500,10,FALSE
"C002802705P    ",55,"'186TH STREET'","'.5S 186TH & STATE ST'",1983,43,"7","7","6",6,"F",173,0,FALSE
"C002802710P    ",55,"'186TH STREET'","'.3S 186TH &AMP; RAINWOOD'",2008,18,"7","7","6",6,"F",700,0,FALSE
"C002802805     ",55,"'Q ST/FAS 3795'","'WJCT US275/N92 2S .7W'",2015,11,"7","8","6",6,"F",1470,5,FALSE
"C002802810     ",55,"'Q ST/FAS 3795'","'WJCT US275/N92 2S .2W'",1964,62,"4","6","5",4,"P",1165,0,TRUE
"C002802850P    ",55,"'BURKE ST.'","'450 W OF 180TH & BURKE'",2005,21,"N","N","N",7,"G",200,5,FALSE
"C002802903P    ",55,"'G STREET'","'200 W OF 178TH ST'",1999,27,"N","N","N",7,"G",50,0,FALSE
"C002802905P    ",55,"'OLD LINCOLN HWY'","'.3N 174TH & US6'",1985,41,"N","N","N",7,"G",1046,10,FALSE
"C002803105     ",55,"'168TH ST/FAS 3811'","'.3N 168TH &AMP; HARRISON'",1989,37,"N","N","N",6,"F",11800,0,FALSE
"C002805104P    ",55,"'CALHOUN RD/COL7965'","'NR CALHOUN RD & PONC RD'",1984,42,"6","5","4",4,"P",1094,0,TRUE
"C002810205     ",55,"'DUTCH HALL ROAD'","'7W N31 DODGE CL'",2016,10,"N","N","N",8,"G",263,0,FALSE
"C002810210     ",55,"'DUTCH HALL ROAD'","'5W OF N31/DODGE CNTY LINE'",2020,6,"8","8","8",8,"G",105,0,FALSE
"C002810405P    ",55,"'ELK CITY DRIVE'","'.5W ELK CITY'",1920,106,"6","5","6",5,"F",26,10,FALSE
"C002810615     ",55,"'BENNINGTON ROAD'","'.3W OF BENNINGTON'",1985,41,"5","5","6",5,"F",1220,10,FALSE
"C002811205     ",55,"'IDA STREET'","'177TH & IDA ST'",2017,9,"7","7","8",7,"G",545,10,FALSE
"C002811210     ",55,"'IDA STREET'","'IDA @ 156TH STREET'",2000,26,"N","N","N",6,"F",1437,0,FALSE
"C002811305     ",55,"'276TH ST'","'JCT US275/N64 .3E 2.9N'",1977,49,"N","N","N",7,"G",605,0,FALSE
"C002811308     ",55,"'276TH ST'","'4N OF VALLEY'",1970,56,"N","N","N",7,"G",61,0,FALSE
"C002811310     ",55,"'276TH STREET'","'4N OF VALLEY'",1927,99,"6","6","6",6,"F",61,0,FALSE
"C002811805P    ",55,"'OLD LINCOLN HWY'","'1.7E OF ELKHORN'",1996,30,"7","7","6",6,"F",653,10,FALSE
"C002812105     ",55,"'228TH ST/COLL 7941'","'.5E 1.2N OF WATERLOO'",2012,14,"N","N","N",6,"F",904,0,FALSE
"C002812303     ",55,"'216TH ST'","'JCT N64/N31 1N 1W'",1993,33,"N","N","N",5,"F",725,10,FALSE
"C002812305     ",55,"'216TH ST'","'.3N 216TH & N36'",1989,37,"N","N","N",6,"F",1586,90,FALSE
"C002812605     ",55,"'F ST/COUNTY RD 49'","'4.5S .5W OF WATERLOO'",1932,94,"6","7","7",6,"F",67,10,FALSE
"C002812610     ",55,"'F ST; COUNTY RD 49'","'4.5S .2W OF WATERLOO'",1932,94,"6","6","6",6,"F",67,10,FALSE
"C002812901P    ",55,"'179TH STREET'","'179TH & CHICAGO'",2005,21,"N","N","N",7,"G",10,0,FALSE
"C002812903P    ",55,"'BURT STREET'","'BURT ST WEST OF 174 ST.'",2001,25,"N","N","N",6,"F",5,0,FALSE
"C002812905     ",55,"'180TH ST'","'.18S OF US6 & 180TH ST'",1997,29,"N","N","N",6,"F",11900,10,FALSE
"C002812907L    ",55,"'180TH ST'","'_'",2021,5,"7","8","7",7,"G",894,0,FALSE
"C002812907R    ",55,"'180TH ST'","'_'",2021,5,"7","8","8",7,"G",500,7,FALSE
"C002812910     ",55,"'180TH ST'","'.3S 180TH & N64'",2022,4,"8","8","8",8,"G",894,0,FALSE
"C002813115P    ",55,"'159TH ST'","'159TH @ IDA ST'",2000,26,"6","6","7",6,"F",25,0,FALSE
"C002813140     ",55,"'168TH STREET'","'1NW OF BENNINGTON'",1987,39,"6","6","7",6,"F",442,10,FALSE
"C002813145     ",55,"'168TH STREET'","'1W 2N OF BENNINGTON'",1999,27,"7","7","8",7,"G",151,10,FALSE
"C002813307P    ",55,"'148TH ST.'","'.1MI E OF NEBRASKA AVE'",2003,23,"N","N","N",6,"F",3960,0,FALSE
"C002813310     ",55,"'156TH STREET'","'410 NORTH OF IDA ST.'",2006,20,"N","N","N",6,"F",5425,0,FALSE
"C002813311P    ",55,"'SHEFFIELD DR.'","'.04 E OF 155TH ST.'",2003,23,"N","N","N",7,"G",3960,0,FALSE
"C002813313P    ",55,"'REYNOLDS STREET'","'EAST OF N155TH'",2003,23,"N","N","N",7,"G",3960,0,FALSE
"C002813315     ",55,"'156TH ST/FAS 3805'","'JCT N36/S-28F 2.7S'",1998,28,"N","N","N",6,"F",5425,0,FALSE
"C002813320     ",55,"'156TH ST/FAS 3805'","'JCT N36/S-28F .7S'",2000,26,"6","8","8",6,"F",4815,0,FALSE
"C002813715P    ",55,"'126TH ST'","'126TH & MILITARY AVE'",1985,41,"6","5","5",5,"F",500,10,FALSE
"C002813720P    ",55,"'READ STREET'","'.15 W OF N122ND ON READ'",2002,24,"N","N","N",7,"G",500,10,FALSE
"C002813725P    ",55,"'DEER CREEK DRIVE'","'.2W OF N 120TH ON DEER CR'",2003,23,"N","N","N",7,"G",500,10,FALSE
"C002814520P    ",55,"'WEBER STREET'","'.03 W OF N75 ON WEBER ST.'",2005,21,"N","N","N",6,"F",100,10,FALSE
"C002815305     ",55,"'36TH ST'","'36TH & PONCA RD'",2022,4,"8","8","8",8,"G",157,10,FALSE
"C002820255     ",55,"'DUTCH HALL ROAD'","'1W N133 WASHINGTON CL'",2005,21,"7","8","7",7,"G",296,10,FALSE
"C002820265     ",55,"'DUTCH HALL ROAD'","'3E N133 WASHINGTON CL'",1991,35,"N","N","N",6,"F",188,10,FALSE
"C002820410P    ",55,"'ISLAND ROAD'","'BENGTN LAKE RD .25E 180TH'",2000,26,"6","8","7",6,"F",25,0,FALSE
"C002820420     ",55,"'MARINDA STREET'","'208 WEST OF 208TH ST'",2016,10,"7","8","8",7,"G",100,0,FALSE
"C002820422     ",55,"'208TH STREET'","'300 S OF BLUE SAGE P'",2016,10,"N","N","N",8,"G",100,0,FALSE
"C002820424     ",55,"'BLUE SAGE PKWY'","'900 W OF 204TH ST'",2016,10,"N","N","N",7,"G",250,0,FALSE
"C002820426     ",55,"'HWS CLEVELAND BLVD'","'350 E OF 180TH ST'",2016,10,"5","8","8",5,"F",400,0,FALSE
"C002820815     ",55,"'RAINWOOD ROAD'","'194TH & RAINWOOD RD'",1999,27,"N","N","N",7,"G",270,10,FALSE
"C002821015     ",55,"'STATE ST'","'207TH &AMP; STATE ST'",2014,12,"N","N","N",7,"G",106,0,FALSE
"C002821020     ",55,"'STATE STREET'","'183RD & STATE ST'",1983,43,"5","5","6",5,"F",584,10,FALSE
"C002821025     ",55,"'COLL 7934'","'138TH & STATE'",1986,40,"6","5","6",5,"F",3750,0,FALSE
"C002821025P    ",55,"'BONDESSON ST'","'.1W OF 168TH STREET'",2006,20,"N","N","N",7,"G",100,0,FALSE
"C002821035     ",55,"'STATE ST;COLL 7934'","'106TH &AMP; STATE ST'",1980,46,"5","5","5",5,"F",1400,0,FALSE
"C002821410     ",55,"'FORT STREET'","'184TH & FORT ST'",1999,27,"N","N","N",7,"G",90,0,FALSE
"C002821413P    ",55,"'NO H.W.S. CLEV BLV'","'1275&#39; SOUTH OF FORT S'",2006,20,"7","7","7",7,"G",50,0,FALSE
"C002821415     ",55,"'FORT STREET'","'172ND & FORT ST'",1995,31,"7","7","7",7,"G",198,0,FALSE
"C002821815     ",55,"'BLONDO ST'","'179TH & BLONDO'",2021,5,"7","7","8",7,"G",2600,0,FALSE
"C002822613     ",55,"'F STREET'","'.4MI EAST OF 204TH ST'",2003,23,"N","N","N",7,"G",50,0,FALSE
"C002822615     ",55,"'F ST'","'195TH & F ST'",2003,23,"N","N","N",7,"G",1697,0,FALSE
"C002824105     ",55,"'108TH ST'","'1.3N 108TH &AMP; N36'",1998,28,"N","N","N",7,"G",130,0,FALSE
"C002830825     ",55,"'RAINWOOD ROAD'","'114TH & RAINWOOD DR'",2003,23,"7","7","6",6,"F",504,10,FALSE
"C002831205P    ",55,"'MILTRY AV/FAS3806'","'124TH & MILITARY AVENUE'",1983,43,"5","5","5",5,"F",7700,0,FALSE
"C002831210     ",55,"'IDA STREET'","'.1W IRVINGTON RD & IDA ST'",1980,46,"6","6","5",5,"F",6800,0,FALSE
"C002831210P    ",55,"'MILITARY ROAD'","'MILITARY RD AND IDA ST'",2005,21,"N","N","N",6,"F",9900,0,FALSE
"C002841205P    ",55,"'SORENSEN PKWY'","'0.4 N OF BLAIR HIGH RD'",1998,28,"7","7","7",7,"G",17900,0,FALSE
"C002841207P    ",55,"'SORENSON PARKWAY'","'.1W WENNINGHOFF ROAD'",2001,25,"6","6","6",6,"F",17900,0,FALSE
"C002841210P    ",55,"'VERNON AVE'","'IRVINGTON AREA'",1989,37,"N","N","N",6,"F",1690,10,FALSE
"C002841212P    ",55,"'READ ST'","'.2M W OF WENNINGHOFF'",2007,19,"7","7","6",6,"F",250,10,FALSE
"C002841215P    ",55,"'SORENSEN PKWY'","'.1E WENNINGHOFF ROAD'",2001,25,"N","N","N",6,"F",14400,0,FALSE
"C002841220P    ",55,"'CRAIG STREET'","'140 W WENNINGHOFF RD'",2008,18,"7","7","6",6,"F",250,10,FALSE
"C002843315P    ",55,"'PRKING LOT ENT/EXT'","'.1W 153 ST/.2N BLONDO ST'",1997,29,"N","N","N",7,"G",100,10,FALSE
"M250001415     ",55,"'MEIGS ST'","'SECL VALLEY'",2001,25,"7","8","7",7,"G",4183,0,FALSE
"S006 35482     ",55,"'US6/N31'","'5S ELKHORN'",1999,27,"7","8","8",7,"G",22055,6,FALSE
"S006 35500     ",55,"'US6/N31'","'US6/US275 INTRCHG'",1999,27,"6","8","7",6,"F",22055,6,FALSE
"S006 35693L    ",55,"'US6 WB'","'US6/L28B/N31 INTCHG'",2002,24,"7","8","7",7,"G",27910,5,FALSE
"S006 35693R    ",55,"'US6 EB'","'US6/L28B/N31 INTRCHG'",2002,24,"7","8","7",7,"G",27910,5,FALSE
"S006 35728     ",55,"'US6'","'.35E JCT US6/N31'",2002,24,"N","N","N",8,"G",47940,5,FALSE
"S006 35790     ",55,"'US6'","'US6 AT 192ND ST. OMAHA'",2003,23,"7","8","6",6,"F",47940,5,FALSE
"S006 35890     ",55,"'180TH STREET'","'180TH ST.& US6 OMAHA'",2003,23,"7","8","7",7,"G",11900,10,FALSE
"S006 35912     ",55,"'US6'","'.2E 180TH&US6 OMAHA'",2003,23,"N","N","N",6,"F",74485,3,FALSE
"S006 35981     ",55,"'168TH ST'","'1.7W OMAHA'",2000,26,"6","5","8",5,"F",17135,0,FALSE
"S006 35999     ",55,"'US6'","'NJCT US6/N31 3.2E'",2000,26,"7","8","7",7,"G",93295,3,FALSE
"S006 36012     ",55,"'US6'","'1.3W OMAHA'",2000,26,"7","8","7",7,"G",93295,3,FALSE
"S006 36093     ",55,"'156TH ST'","'156TH @ W DODGE OMAHA'",1995,31,"6","7","8",6,"F",29970,0,FALSE
"S006 36142     ",55,"'150TH ST/FAU 5144'","'150TH @ W DODGE OMAHA'",2019,7,"8","8","8",8,"G",2900,0,FALSE
"S006 36149A    ",55,"'RAMP TO HWY 6'","'RAMP 2 WYCLIFFE DR'",2018,8,"8","8","8",8,"G",2000,5,FALSE
"S006 36192     ",55,"'FAU 5001/144TH ST'","'144TH @ W DODGE OMAHA'",1992,34,"6","8","7",6,"F",23000,7,FALSE
"S006 36240     ",55,"'US6/WEST DODGE ST'","'W DODGE @ 138TH STOMAHA'",1991,35,"7","6","8",6,"F",104955,2,FALSE
"S006 36293     ",55,"'FAU 5003/132ND ST'","'132ND ST @ W DODGE ST'",1991,35,"6","7","8",6,"F",27630,0,FALSE
"S006 36428A    ",55,"'EB EXPRESSWAY'","'WEST DODGE RD OMAHA'",2004,22,"7","8","7",7,"G",93895,2,FALSE
"S006 36428B    ",55,"'WB EXPRESWAY'","'WEST DODGE RD OMAHA'",2004,22,"7","8","7",7,"G",93895,2,FALSE
"S006 36466A    ",55,"'RAMP 30 OVER PAPIO'","'WEST DODGE EXPRESSWAY'",2004,22,"8","8","8",8,"G",93895,2,FALSE
"S006 36484     ",55,"'WB-US6'","'108TH & DODGE INTRCHG'",1973,53,"8","8","6",6,"F",93895,2,FALSE
"S006 36484A    ",55,"'EB BRG OVR 108TH'","'108TH & DODGE BRG#9'",2005,21,"9","8","7",7,"G",93895,2,FALSE
"S006 36484B    ",55,"'WB US6 BRG#6'","'108TH & DODGE'",2005,21,"9","8","8",8,"G",93895,2,FALSE
"S006 36484C    ",55,"'WB-US6 BRG #8'","'108TH &AMP; DODGE'",2005,21,"8","8","8",8,"G",93895,2,FALSE
"S006 36484D    ",55,"'RMP 40 BRG#7'","'108TH & DODGE'",2005,21,"8","8","8",8,"G",93895,2,FALSE
"S006 36561     ",55,"'US6'","'99TH @ DODGE ST'",1965,61,"9","8","8",8,"G",76150,1,FALSE
"S006 36742     ",55,"'US6'","'78TH @ DODGE OMAHA'",1933,93,"6","5","6",5,"F",47915,2,FALSE
"S006 37025     ",55,"'US6'","'DODGE @ SADDLE CR OMAHA'",1934,92,"4","4","5",4,"P",26220,2,TRUE
"S031 02440     ",55,"'N31'","'IN ELKHORN'",1938,88,"4","5","4",4,"P",11100,4,TRUE
"S031 02963     ",55,"'N31'","'5N ELKHORN'",1956,70,"N","N","N",7,"G",3490,6,FALSE
"S031 03175     ",55,"'N31'","'7N ELKHORN'",1959,67,"4","4","5",4,"P",2865,5,TRUE
"S036 00429     ",55,"'N36'","'5W ELK CITY'",2017,9,"N","N","N",8,"G",3695,10,FALSE
"S036 00535     ",55,"'N36'","'4W ELK CITY'",1997,29,"6","8","6",6,"F",3695,10,FALSE
"S036 00585     ",55,"'N36'","'3W ELK CITY'",1970,56,"6","6","6",6,"F",3695,10,FALSE
"S036 00657     ",55,"'N36'","'2W ELK CITY'",1944,82,"6","8","6",6,"F",3695,10,FALSE
"S036 00668     ",55,"'N36'","'2W ELK CITY'",1943,83,"N","N","N",7,"G",3695,10,FALSE
"S036 01281     ",55,"'N36'","'2W BENNINGTON'",1971,55,"6","7","7",6,"F",5245,16,FALSE
"S036 01806     ",55,"'N36'","'3E BENNINGTON'",1958,68,"5","5","6",5,"F",8030,15,FALSE
"S036 02040R    ",55,"'N36'","'5E BENNINGTON'",1976,50,"8","8","7",7,"G",4955,10,FALSE
"S050 09127     ",55,"'N50'","'1SW MILLARD'",1965,61,"6","7","7",6,"F",25430,7,FALSE
"S064 05295     ",55,"'N64'","'3W VALLEY'",1994,32,"8","8","7",7,"G",2010,9,FALSE
"S064 05319     ",55,"'N64'","'2.5W VALLEY'",1975,51,"7","7","7",7,"G",2010,9,FALSE
"S064 05561     ",55,"'N64'","'IN VALLEY'",2001,25,"8","8","8",8,"G",4215,7,FALSE
"S064 05635     ",55,"'N64'","'1N VALLEY'",1998,28,"6","8","7",6,"F",5055,7,FALSE
"S064 06033     ",55,"'N64'","'1NE WATERLOO'",1984,42,"7","7","6",6,"F",5055,7,FALSE
"S064 06054     ",55,"'N64'","'1E WATERLOO'",1981,45,"N","N","N",6,"F",5055,7,FALSE
"S064 06064     ",55,"'N64'","'1E WATERLOO'",1981,45,"N","N","N",7,"G",5055,7,FALSE
"S064 06125     ",55,"'N64'","'2.3E WATERLOO'",1981,45,"N","N","N",7,"G",5055,7,FALSE
"S064 06169     ",55,"'N64'","'1W ELKHORN'",1981,45,"N","N","N",6,"F",5055,7,FALSE
"S064 06616L    ",55,"'WB-N64'","'3E ELKHORN'",1991,35,"8","8","7",7,"G",30935,1,FALSE
"S064 06616R    ",55,"'N64 NB'","'3E ELKHORN'",1983,43,"8","8","7",7,"G",30935,1,FALSE
"S064 07011L    ",55,"'WB-N64'","'7E ELKHORN'",1966,60,"8","7","7",7,"G",38140,3,FALSE
"S064 07011R    ",55,"'EB-N64'","'7E ELKHORN'",1978,48,"8","7","7",7,"G",38140,3,FALSE
"S064 07280     ",55,"'N64'","'10E ELKHORN'",1969,57,"5","5","6",5,"F",23595,2,FALSE
"S064 07384     ",55,"'N64'","'75TH & MAPLE OMAHA'",1969,57,"N","N","N",6,"F",23595,2,FALSE
"S064 07824     ",55,"'N64'","'33RD & CUMING OMAHA'",1955,71,"5","5","6",5,"F",23235,2,FALSE
"S075 08580L    ",55,"'SB-US75'","'OMAHA @ GILMORE AVE'",1991,35,"6","7","6",6,"F",68665,4,FALSE
"S075 08580R    ",55,"'NB-US75'","'OMAHA @ GILMORE AVE'",1991,35,"6","7","6",6,"F",68665,4,FALSE
"S075 08663     ",55,"'Q ST/FAU 5026'","'KENNEDY EXP/Q ST INTRCHG'",1978,48,"6","8","7",6,"F",12600,0,FALSE
"S075 08682     ",55,"'O STREET'","'IN OMAHA'",1978,48,"6","7","8",6,"F",1500,10,FALSE
"S075 08730L    ",55,"'US75'","'IN OMAHA'",1970,56,"4","7","6",4,"P",85640,3,TRUE
"S075 08730R    ",55,"'US75'","'IN OMAHA'",1970,56,"7","7","7",7,"G",85640,3,FALSE
"S075 08766     ",55,"'F ST/FAU 5030'","'KENNEDY EXP/F ST INTRCHG'",1970,56,"5","6","5",5,"F",7380,0,FALSE
"S075 09074     ",55,"'SB-US75'","'28TH & DODGE INTERCHANGE'",2009,17,"9","9","8",8,"G",72270,4,FALSE
"S075 09076     ",55,"'NB-US75'","'US75 NB OVER 480 OMAHA'",2005,21,"8","8","7",7,"G",72270,4,FALSE
"S075 09084     ",55,"'NB-US75'","'28TH & DODGE INTRCHG'",2005,21,"8","8","8",8,"G",72270,4,FALSE
"S075 09102A    ",55,"'US75/CUMING ST EXT'","'US75/BURT ST'",2005,21,"8","8","8",8,"G",72270,4,FALSE
"S075 09102B    ",55,"'US75 I480 ACCESS'","'US75/BURT ST'",2007,19,"8","8","8",8,"G",72270,4,FALSE
"S075 09102C    ",55,"'NB-US75'","'US75/BURT ST'",2005,21,"8","8","8",8,"G",72270,4,FALSE
"S075 09102D    ",55,"'NB-US75'","'US75/BURT STREET'",2005,21,"9","8","8",8,"G",72270,4,FALSE
"S075 09102E    ",55,"'US75SB RAMP OV BUR'","'US75/BURT STREET'",2007,19,"8","8","8",8,"G",72270,4,FALSE
"S075 09106     ",55,"'SB-US75'","'US75/N64 INTERCHG'",2009,17,"8","8","7",7,"G",59725,4,FALSE
"S075 09109L    ",55,"'SB US75 OVER CUMIN'","'US75/N64 INTERCHG'",2007,19,"9","8","8",8,"G",59725,4,FALSE
"S075 09109R    ",55,"'NB-US75'","'US75/N64 INTERCHG'",2005,21,"8","8","8",8,"G",59725,4,FALSE
"S075 09137     ",55,"'HAMILTN ST/FAU5066'","'HAMILTON ST INTRCHG'",1977,49,"4","6","6",4,"P",8730,0,TRUE
"S075 09169     ",55,"'PARKER ST'","'IN OMAHA'",1977,49,"6","7","6",6,"F",5000,10,FALSE
"S075 09202     ",55,"'LAKE ST/FAU 5068'","'LAKE ST INTRCHG'",1982,44,"7","7","8",7,"G",7200,0,FALSE
"S075 09233     ",55,"'BINNEY ST'","'OMAHA US75 & BINNEY ST'",1985,41,"6","7","7",6,"F",4000,10,FALSE
"S075 09255     ",55,"'BRISTOL ST'","'OMAHA BRISTOL @ US75'",1984,42,"7","7","7",7,"G",1200,10,FALSE
"S075 09302     ",55,"'SPRAGUE ST/FAU507'","'SPRAGUE @ US75   OMAHA'",1986,40,"7","7","8",7,"G",3100,5,FALSE
"S075 09327     ",55,"'AMES AVE/FAU 5080'","'AMES AVE/STORZ EXP INTCHG'",1984,42,"7","7","8",7,"G",9000,0,FALSE
"S075 09341     ",55,"'SB-STORZ EXP'","'AMES AVE/STORZ EXP INTCHG'",1986,40,"8","8","8",8,"G",720,0,FALSE
"S075 09354A    ",55,"'SB-STORZ EXP'","'AMES AVE/STORZ EXP INTCHG'",1986,40,"8","7","8",7,"G",720,0,FALSE
"S080 44443     ",55,"'I80'","'1S L ST INTRCHG'",1959,67,"N","N","N",7,"G",103755,11,FALSE
"S080 44459     ",55,"'Q ST/FAU 5026'","'IN OMAHA'",1959,67,"6","7","7",6,"F",22140,4,FALSE
"S080 44507     ",55,"'EB-US275/N92'","'I & L ST INTRCHG'",1959,67,"6","7","6",6,"F",59995,7,FALSE
"S080 44508     ",55,"'WB-US275/N92'","'I & L ST INTRCHG'",1959,67,"6","7","5",5,"F",59995,7,FALSE
"S080 44537     ",55,"'I ST/FAU 5028'","'IN OMAHA'",1959,67,"6","7","6",6,"F",9000,0,FALSE
"S080 44572     ",55,"'WB-CD'","'IN OMAHA'",1988,38,"8","7","7",7,"G",150360,8,FALSE
"S080 44574L    ",55,"'WB-I80 BRG #2W'","'IN OMAHA'",1994,32,"7","8","8",7,"G",150360,8,FALSE
"S080 44574R    ",55,"'EB-I80 BRG# 2E'","'IN OMAHA'",1994,32,"8","8","8",8,"G",150360,8,FALSE
"S080 44575     ",55,"'NB-RP TO I680 BR#3'","'IN OMAHA'",1993,33,"7","8","8",7,"G",150360,8,FALSE
"S080 44576     ",55,"'EB-CDN TO I680 BR4'","'IN OMAHA'",1994,32,"8","8","8",8,"G",150360,8,FALSE
"S080 44577     ",55,"'EB-CD TO EB-I80 #5'","'IN OMAHA'",1994,32,"7","8","8",7,"G",150360,8,FALSE
"S080 44602     ",55,"'WB-CD ROAD BRG #8'","'IN OMAHA'",1996,30,"7","7","7",7,"G",169605,7,FALSE
"S080 44606L    ",55,"'WB-I80  BRG #7W'","'IN OMAHA'",1995,31,"6","8","8",6,"F",169605,7,FALSE
"S080 44606R    ",55,"'EB-I80  BRG #7E'","'IN OMAHA'",1995,31,"8","8","7",7,"G",169605,7,FALSE
"S080 44625     ",55,"'108TH ST/FAU 5011'","'IN OMAHA'",1994,32,"6","7","7",6,"F",10935,0,FALSE
"S080 44725     ",55,"'96TH ST/FAU 5017'","'IN OMAHA'",1988,38,"6","7","7",6,"F",10260,0,FALSE
"S080 44827L    ",55,"'WB-I80'","'84TH ST INTERCHG'",1961,65,"8","8","8",8,"G",169605,7,FALSE
"S080 44827R    ",55,"'EB-I80'","'84TH ST INTERCHG'",1961,65,"8","7","7",7,"G",169605,7,FALSE
"S080 44846A    ",55,"'WB-I80 OFF RAMP'","'I80 @ BIG PAPILLION CR'",1988,38,"6","8","8",6,"F",174380,7,FALSE
"S080 44846L    ",55,"'WB-I80'","'IN OMAHA'",1961,65,"8","8","8",8,"G",174380,7,FALSE
"S080 44846R    ",55,"'EB-I80'","'OMAHA I80 @ 82ND ST'",1961,65,"8","8","8",8,"G",174380,7,FALSE
"S080 44927L    ",55,"'WB-I80'","'72ND ST INTRCHG'",1961,65,"6","8","8",6,"F",174380,7,FALSE
"S080 44927R    ",55,"'EB-I80'","'72ND ST INTRCHG'",1961,65,"6","7","7",6,"F",174380,7,FALSE
"S080 44984     ",55,"'I80'","'IN OMAHA'",1994,32,"8","8","8",8,"G",182320,7,FALSE
"S080 45028L    ",55,"'WB-I80'","'60TH ST INTRCHG'",1962,64,"6","8","7",6,"F",182320,7,FALSE
"S080 45028R    ",55,"'EB-I80'","'60TH ST INTRCHG'",1962,64,"6","8","8",6,"F",182320,7,FALSE
"S080 45103L    ",55,"'WB-I80'","'IN OMAHA'",1962,64,"7","7","7",7,"G",180990,7,FALSE
"S080 45103R    ",55,"'EB-I80'","'IN OMAHA'",1962,64,"8","8","7",7,"G",180990,7,FALSE
"S080 45180L    ",55,"'WB-I80'","'42ND ST INTRCHG'",1962,64,"7","8","8",7,"G",180990,7,FALSE
"S080 45180R    ",55,"'EB-I80'","'42ND ST INTRCHG'",1989,37,"9","7","8",7,"G",180990,7,FALSE
"S080 45231     ",55,"'36TH ST'","'IN OMAHA'",1988,38,"6","7","8",6,"F",3000,10,FALSE
"S080 45252     ",55,"'I80/RMP 50/RMP 40'","'IN OMAHA'",1962,64,"6","8","7",6,"F",176745,7,FALSE
"S080 45266     ",55,"'32ND AVE/FAU 5063'","'JCT 32ND AVE/I80 OMAHA'",1988,38,"8","8","7",7,"G",4140,0,FALSE
"S080 45283L    ",55,"'WB-I80'","'GROVER ST INTRCHG'",1990,36,"6","7","8",6,"F",176745,7,FALSE
"S080 45283R    ",55,"'EB-I80'","'GROVER ST INTRCHG'",1990,36,"8","7","8",7,"G",176745,7,FALSE
"S080 45297     ",55,"'WB-I80/NB-I480 RP3'","'GROVER ST INTRCHG'",1992,34,"8","8","8",8,"G",176745,7,FALSE
"S080 45298A    ",55,"'SB-I480/EB-I80'","'GROVER ST INTRCHG #7'",1989,37,"7","8","8",7,"G",115680,5,FALSE
"S080 45298L    ",55,"'WB-I80'","'GROVER ST INTRCHG  #1'",1989,37,"8","8","8",8,"G",176745,7,FALSE
"S080 45298R    ",55,"'EB-I80'","'GROVER ST INTRCHG  #2'",1989,37,"8","8","7",7,"G",176745,7,FALSE
"S080 45301     ",55,"'EB-I80/SB-US75 RP6'","'GROVER ST INTRCHG'",1992,34,"6","8","8",6,"F",176745,7,FALSE
"S080 45303A    ",55,"'SB-I480'","'GROVER ST INTRCHG #3'",1989,37,"7","8","8",7,"G",44370,7,FALSE
"S080 45303B    ",55,"'NB-I480'","'GROVER ST INTRCHG  #4'",1989,37,"7","8","8",7,"G",44370,7,FALSE
"S080 45308     ",55,"'NB-US75/WB-I80'","'GROVER ST INTRCHG  #8'",1989,37,"8","7","8",7,"G",84810,3,FALSE
"S080 45314L    ",55,"'WB-I80'","'GROVER ST INTRCHG  #9'",1990,36,"8","7","8",7,"G",91540,12,FALSE
"S080 45314R    ",55,"'EB-I80'","'GROVER ST INTRCHG  #10'",1990,36,"8","7","8",7,"G",91540,12,FALSE
"S080 45316     ",55,"'24TH ST RMP TO I80'","'GROVER ST INTRCHG  #16'",1990,36,"6","8","8",6,"F",91540,12,FALSE
"S080 45334     ",55,"'EB-I80 RMP TO 24TH'","'24TH ST INTRCHG'",1992,34,"8","8","8",8,"G",91540,12,FALSE
"S080 45335     ",55,"'24TH RMP TO WB-I80'","'24TH ST INTRCHG'",1992,34,"6","8","8",6,"F",91540,12,FALSE
"S080 45337     ",55,"'24TH ST/FAU 5083'","'24TH ST INTRCHG'",1962,64,"8","7","7",7,"G",15390,0,FALSE
"S080 45361     ",55,"'20TH ST/FAU 5089'","'IN OMAHA'",1989,37,"8","7","8",7,"G",2430,0,FALSE
"S080 45389     ",55,"'I80'","'IN OMAHA'",1972,54,"8","8","8",8,"G",87640,13,FALSE
"S080 45413     ",55,"'13TH ST/FAU 5121'","'13TH ST INTRCHG'",1996,30,"6","8","7",6,"F",29300,0,FALSE
"S080 45433     ",55,"'10TH ST/FAU 5103'","'IN OMAHA'",1995,31,"6","8","8",6,"F",2610,0,FALSE
"S080 45461     ",55,"'RIVERVIEW BLVD'","'IN OMAHA'",2008,18,"8","8","8",8,"G",700,10,FALSE
"S080 45531L    ",55,"'I-80 WB'","'ECL OMAHA'",2010,16,"7","8","8",7,"G",71415,15,FALSE
"S080 45531R    ",55,"'I80'","'ECL OMAHA'",1972,54,"7","6","7",6,"F",71415,15,FALSE
"S085 00402     ",55,"'N85'","'SCL OMAHA'",2018,8,"7","9","8",7,"G",23690,4,FALSE
"S092 46256L    ",55,"'N92'","'2E YUTAN'",2005,21,"6","8","7",6,"F",7955,9,FALSE
"S092 46282L    ",55,"'N92'","'2E YUTAN'",2005,21,"6","8","7",6,"F",7955,9,FALSE
"S092 46400     ",55,"'N92'","'3E YUTAN'",2017,9,"N","N","N",9,"G",7955,9,FALSE
"S092 46425     ",55,"'N92'","'3E YUTAN'",1942,84,"N","N","N",6,"F",7955,9,FALSE
"S092 46635     ",55,"'N92'","'5E YUTAN'",1955,71,"6","6","5",5,"F",7955,9,FALSE
"S133 00155     ",55,"'N133'","'IN OMAHA'",1939,87,"N","N","N",6,"F",15050,2,FALSE
"S133 00591L    ",55,"'N133'","'1NW NWCL OMAHA'",2003,23,"6","8","8",6,"F",12910,5,FALSE
"S133 00591R    ",55,"'N133'","'1NW NWCL OMAHA'",2003,23,"6","7","7",6,"F",12910,5,FALSE
"S275 15787     ",55,"'CNTY HIGHWAY'","'4N 4W VALLEY'",2000,26,"N","N","N",7,"G",18540,9,FALSE
"S275 15848L    ",55,"'NB US275'","'4NW VALLEY'",1998,28,"6","8","8",6,"F",18540,9,FALSE
"S275 15848R    ",55,"'SB US275'","'4NW VALLEY'",1998,28,"6","8","8",6,"F",18540,9,FALSE
"S275 16065     ",55,"'COUNTY HIGHWAY'","'2NW VALLEY'",1998,28,"7","8","8",7,"G",100,10,FALSE
"S275 16407     ",55,"'COLL 7938'","'.25E VALLEY'",1998,28,"7","7","6",6,"F",700,0,FALSE
"S275 16474L    ",55,"'NB US275 & RAMP'","'.5E VALLEY'",1998,28,"6","6","6",6,"F",23715,9,FALSE
"S275 16474R    ",55,"'SB US275 & RAMP'","'.5E VALLEY'",1998,28,"6","6","6",6,"F",23715,9,FALSE
"S275 16499     ",55,"'VALLEY EAST CONECT'","'.5E VALLEY'",1998,28,"6","8","6",6,"F",100,10,FALSE
"S275 16648     ",55,"'US275'","'SEJCT US275/N64 .2S'",1984,42,"7","7","6",6,"F",25005,9,FALSE
"S275 16664     ",55,"'US275'","'.2E WATERLOO'",1984,42,"6","7","6",6,"F",25005,9,FALSE
"S275 16725     ",55,"'US275'","'SEJCT US275/N64 .7S'",1984,42,"N","N","N",8,"G",23065,8,FALSE
"S275 16755     ",55,"'COUNTY HIGHWAY'","'2W ELKHORN'",2004,22,"7","8","8",7,"G",12970,8,FALSE
"S275 16840     ",55,"'US-275 NB'","'2W 1S ELKHORN'",2004,22,"6","8","7",6,"F",6900,7,FALSE
"S275 17085     ",55,"'US275'","'4S WATERLOO'",2019,7,"8","9","8",8,"G",6195,10,FALSE
"S275 17144     ",55,"'US275'","'5W WCL OMAHA'",1955,71,"7","8","7",7,"G",6195,10,FALSE
"S275 17369     ",55,"'US275'","'3W WCL OMAHA'",1999,27,"N","N","N",6,"F",6195,10,FALSE
"S275 17369A    ",55,"'RAMP US275 TO US6'","'3W WCL OMAHA'",1999,27,"N","N","N",6,"F",6195,10,FALSE
"S275 17369B    ",55,"'RAMP US6 TO US275'","'3W WCL OMAHA'",1999,27,"N","N","N",5,"F",6195,10,FALSE
"S275 17757     ",55,"'US275/N92'","'1W WCL OMAHA'",1989,37,"8","7","7",7,"G",39510,7,FALSE
"S275 18139     ",55,"'US275/N92'","'1W L ST  INTRCHG'",1958,68,"N","N","N",5,"F",59995,7,FALSE
"S275 18484     ",55,"'US275/N92'","'1N RALSTON'",1962,64,"6","8","7",6,"F",24360,7,FALSE
"S275 18525     ",55,"'US275/N92'","'72ND & L ST INTRCHG'",1962,64,"4","4","5",4,"P",24360,7,TRUE
"S275 18587     ",55,"'US275/N92'","'1E RALSTON'",1962,64,"6","8","7",6,"F",22910,7,FALSE
"S275 18809     ",55,"'US275/N92'","'36TH & L STREET OMAHA'",1939,87,"4","6","6",4,"P",26985,7,TRUE
"S275 18888     ",55,"'US275/N92'","'1W MISSOURI RIVER BRG'",1968,58,"7","7","7",7,"G",19820,6,FALSE
"S275 18910     ",55,"'US275'","'KENNEDY EXP/L ST INTRCHG'",1969,57,"6","5","6",5,"F",19820,6,FALSE
"S275 19041     ",55,"'US275/N92'","'ECL OMAHA'",2010,16,"7","7","7",7,"G",8985,5,FALSE
"S480 00019L    ",55,"'SB-I480'","'GROVER ST INTRCHG'",1988,38,"7","7","7",7,"G",117005,5,FALSE
"S480 00019R    ",55,"'NB-I480'","'GROVER ST INTRCHG'",1988,38,"7","7","7",7,"G",117005,5,FALSE
"S480 00022     ",55,"'VINTON STREET'","'IN OMAHA'",1988,38,"6","7","7",6,"F",4500,0,FALSE
"S480 00062L    ",55,"'I480/US75'","'IN OMAHA'",1962,64,"6","6","7",6,"F",117005,5,FALSE
"S480 00062R    ",55,"'I480/US75'","'IN OMAHA'",1962,64,"6","6","7",6,"F",117005,5,FALSE
"S480 00088L    ",55,"'I480/US75'","'N38 INTRCHG'",1962,64,"6","6","7",6,"F",117005,5,FALSE
"S480 00088R    ",55,"'I480/US75'","'N38 INTRCHG'",1962,64,"6","6","7",6,"F",117005,5,FALSE
"S480 00131     ",55,"'WOOLWORTH AVE/FAU'","'IN OMAHA'",1962,64,"7","5","7",5,"F",1890,0,FALSE
"S480 00180     ",55,"'LEAVENWORTH ST/FAU'","'LEAVENWORTH ST INTRCHG'",1962,64,"6","5","7",5,"F",15800,0,FALSE
"S480 00188     ",55,"'ST MARYS AVE'","'IN OMAHA'",1962,64,"6","5","7",5,"F",10800,3,FALSE
"S480 00209     ",55,"'HARNEY ST/FAU 5050'","'HARNEY ST INTRCHG'",1963,63,"6","6","7",6,"F",8730,0,FALSE
"S480 00216     ",55,"'FARNAM ST/FAU 5052'","'IN OMAHA'",1963,63,"6","7","7",6,"F",13500,0,FALSE
"S480 00224     ",55,"'EB-US6/DOUGLAS ST'","'IN OMAHA'",1964,62,"6","6","6",6,"F",13775,2,FALSE
"S480 00231     ",55,"'WB-US6/DODGE ST'","'IN OMAHA'",1964,62,"8","8","8",8,"G",16165,2,FALSE
"S480 00247A    ",55,"'SB-US75TOEB 480'","'28TH & DODGE INTRCHG'",2005,21,"8","8","7",7,"G",3415,27,FALSE
"S480 00273L    ",55,"'WB-I480'","'IN OMAHA'",2009,17,"8","8","8",8,"G",54110,4,FALSE
"S480 00273R    ",55,"'EB-I480'","'IN OMAHA'",2007,19,"8","6","7",6,"F",54110,4,FALSE
"S480 00310A    ",55,"'I480/20TH ST EXIT'","'IN OMAHA'",1970,56,"8","5","6",5,"F",42920,4,FALSE
"S480 00310B    ",55,"'I480/17TH ST ACCES'","'IN OMAHA'",1970,56,"8","6","7",6,"F",42920,4,FALSE
"S480 00310L    ",55,"'WB-I480'","'IN OMAHA'",1970,56,"6","7","7",6,"F",42920,4,FALSE
"S480 00310R    ",55,"'EB-I480'","'IN OMAHA'",1970,56,"8","7","7",7,"G",42920,4,FALSE
"S480 00345C    ",55,"'I480 14TH ST EXIT'","'IN OMAHA'",1970,56,"7","6","6",6,"F",36195,5,FALSE
"S480 00345D    ",55,"'I480 13TH ST ACCES'","'IN OMAHA'",1970,56,"8","8","8",8,"G",36195,5,FALSE
"S480 00345E    ",55,"'I480 14TH ST ACCES'","'IN OMAHA'",1970,56,"8","6","6",6,"F",36195,5,FALSE
"S480 00345F    ",55,"'I480 14TH ST EXIT'","'IN OMAHA'",1970,56,"8","8","7",7,"G",36195,5,FALSE
"S480 00345L    ",55,"'WB-I480'","'IN OMAHA'",1970,56,"6","7","7",6,"F",36195,5,FALSE
"S480 00345R    ",55,"'EB-I480'","'IN OMAHA'",1970,56,"8","7","7",7,"G",36195,5,FALSE
"S480 00378G    ",55,"'EB-US6'","'DOUGLAS STREET OMAHA'",1966,60,"8","8","8",8,"G",9790,2,FALSE
"S480 00378H    ",55,"'WB-US6'","'DODGE STREET OMAHA'",1966,60,"8","8","8",8,"G",9365,2,FALSE
"S480 00378L    ",55,"'WB-I480'","'IN OMAHA'",1970,56,"6","8","7",6,"F",36195,5,FALSE
"S480 00378R    ",55,"'EB-I480'","'IN OMAHA'",1970,56,"8","7","7",7,"G",36195,5,FALSE
"S480 00413     ",55,"'I480/US6'","'ECL OMAHA'",1966,60,"7","6","5",5,"F",54925,4,FALSE
"S680 00017L    ",55,"'SB-I680  BRG #11'","'I80/I680 INTRCHG'",1997,29,"8","8","7",7,"G",154030,4,FALSE
"S680 00017R    ",55,"'NB-I680  BRG#6'","'I80/I680 INTRCHG'",1994,32,"8","7","7",7,"G",154030,4,FALSE
"S680 00083     ",55,"'I680  BRG#13N&S'","'CENTER ST INTRCHG'",1996,30,"9","8","8",8,"G",154030,4,FALSE
"S680 00083A    ",55,"'WB-I80 TO NB-680'","'I680/N38 INTRCHG'",1995,31,"9","8","8",8,"G",154030,4,FALSE
"S680 00083B    ",55,"'SB-CD RD  BRG #12'","'CENTER ST INTRCHG'",1996,30,"9","8","8",8,"G",154030,4,FALSE
"S680 00184     ",55,"'PACIFIC ST/FAU5044'","'PACIFIC ST INTRCHG'",2008,18,"7","8","8",7,"G",32400,0,FALSE
"S680 00216     ",55,"'I680'","'IN OMAHA'",1959,67,"6","7","8",6,"F",141700,4,FALSE
"S680 00289     ",55,"'EB-US6 TO NB-I680'","'DODGE ST INTRCHG'",2001,25,"8","8","8",8,"G",590,32,FALSE
"S680 00302     ",55,"'US 6'","'DODGE ST INTRCHG'",1960,66,"9","8","7",7,"G",135045,2,FALSE
"S680 00302A    ",55,"'US6'","'I680/US6 INTRCHG'",2001,25,"9","8","8",8,"G",590,32,FALSE
"S680 00304     ",55,"'WB US6 TO SB I680'","'DODGE ST INTRCHG'",2001,25,"9","8","8",8,"G",590,32,FALSE
"S680 00315     ",55,"'NB680 TO WB US6'","'DODGE ST INTRCHG'",2001,25,"9","8","8",8,"G",590,32,FALSE
"S680 00402     ",55,"'BLONDO ST/FAU 5066'","'IN OMAHA'",1996,30,"6","8","8",6,"F",19800,0,FALSE
"S680 00459     ",55,"'EB-N64'","'MAPLE ST INTRCHG'",2003,23,"7","8","8",7,"G",38185,3,FALSE
"S680 00532     ",55,"'SPRAGUE ST'","'IN OMAHA'",2003,23,"7","8","8",7,"G",3000,10,FALSE
"S680 00604L    ",55,"'I680'","'FORT ST INTRCHG'",1968,58,"5","5","7",5,"F",70310,4,FALSE
"S680 00604R    ",55,"'I680'","'FORT ST INTRCHG'",1968,58,"5","5","7",5,"F",70310,4,FALSE
"S680 00654     ",55,"'MILITARY AVE'","'IN OMAHA'",1968,58,"7","7","8",7,"G",5000,10,FALSE
"S680 00713     ",55,"'N133'","'N133/I680 INTRCHG'",1998,28,"6","6","8",6,"F",15005,3,FALSE
"S680 00747L    ",55,"'I680'","'IN OMAHA'",1971,55,"7","7","7",7,"G",35400,6,FALSE
"S680 00747R    ",55,"'I680'","'IN OMAHA'",1971,55,"7","7","7",7,"G",35400,6,FALSE
"S680 00761L    ",55,"'I680'","'IN OMAHA'",1971,55,"6","7","7",6,"F",35400,6,FALSE
"S680 00761R    ",55,"'I680'","'IN OMAHA'",1971,55,"6","7","7",6,"F",35400,6,FALSE
"S680 00836L    ",55,"'I680'","'IN OMAHA'",1971,55,"6","6","6",6,"F",35400,6,FALSE
"S680 00836R    ",55,"'I680'","'IN OMAHA'",1971,55,"6","6","6",6,"F",35400,6,FALSE
"S680 00986     ",55,"'72ND ST/FAU 5037'","'72ND ST INTRCHG'",1969,57,"7","7","7",7,"G",7175,2,FALSE
"S680 01092L    ",55,"'I680'","'72ND ST INTRCHG 1E'",1972,54,"7","7","7",7,"G",31775,6,FALSE
"S680 01092R    ",55,"'I680'","'72ND ST INTRCHG 1E'",1972,54,"7","7","7",7,"G",31775,6,FALSE
"S680 01150L    ",55,"'I680'","'US75 INTRCHG 1W'",1972,54,"6","5","7",5,"F",31775,6,FALSE
"S680 01150R    ",55,"'I680'","'US75 INTRCHG 1W'",1972,54,"6","6","7",6,"F",31775,6,FALSE
"S680 01210L    ",55,"'I680'","'US75 INTRCHG'",1971,55,"6","6","7",6,"F",31775,6,FALSE
"S680 01210R    ",55,"'I680'","'US75 INTRCHG'",1971,55,"6","7","7",6,"F",31775,6,FALSE
"S680 01305L    ",55,"'I680'","'31ST ST INTRCHG'",1973,53,"7","6","7",6,"F",28430,7,FALSE
"S680 01305R    ",55,"'I680'","'31ST ST INTRCHG'",1973,53,"5","7","7",5,"F",28430,7,FALSE
"S680 01343L    ",55,"'I680'","'ECL OMAHA'",1973,53,"6","5","5",5,"F",17160,10,FALSE
"S680 01343R    ",55,"'I680'","'ECL OMAHA'",1952,74,"7","5","5",5,"F",17160,10,FALSE
"SL28B00048     ",55,"'RAMP-L28B'","'2W 1S ELKHORN'",2004,22,"8","7","8",7,"G",26635,8,FALSE
"SL28B00093L    ",55,"'WB L28B'","'1W 1S ELKHORN'",2004,22,"8","8","6",6,"F",26635,8,FALSE
"SL28B00093R    ",55,"'EB L28B'","'1W 1S ELKHORN'",2004,22,"8","8","8",8,"G",26635,8,FALSE
"SL28B00119     ",55,"'228TH ST.'","'IN ELKHORN'",2004,22,"8","8","8",8,"G",900,0,FALSE
"SL28B00163L    ",55,"'WB-L28B'","'18W OMAHA'",1993,33,"8","8","7",7,"G",26635,8,FALSE
"SL28B00163R    ",55,"'EB-L28B'","'18W OMAHA'",1993,33,"8","8","7",7,"G",26635,8,FALSE
"SL28B00216     ",55,"'SKYLINE DRIVE'","'IN ELKORN'",2002,24,"6","7","7",6,"F",900,0,FALSE
"SL28K01578     ",55,"'L28K N64 TO N133'","'87TH &AMP; MILITARY OMAHA'",1966,60,"6","6","5",5,"F",10010,3,FALSE
"U182500385     ",55,"'N38'","'W. CENTER RD. AT 108TH ST'",1958,68,"N","N","N",5,"F",27900,0,FALSE
"U182500415     ",55,"'PAWNEE ROAD'","'OMAHA PAWNEE @ 96TH'",1991,35,"8","8","8",8,"G",100,1,FALSE
"U182500430P    ",55,"'J J PERSHING DR'","'OMAHA JJ PERSHING @ PONCA'",1935,91,"N","N","N",5,"F",1800,5,FALSE
"U182500469     ",55,"'S 96TH STREET'","'_'",2022,4,"N","N","N",8,"G",6308,1,FALSE
"U182500522     ",55,"'N38'","'0W 90TH ST OMAHA'",1964,62,"8","8","7",7,"G",26100,0,FALSE
"U182500685     ",55,"'N38/W CENTER RD'","'72ND & WEST CENTER OMAHA'",2004,22,"6","7","7",6,"F",22500,0,FALSE
"U182500728     ",55,"'N38'","'67TH & W CENTER RD OMAHA'",1980,46,"6","6","6",6,"F",22500,0,FALSE
"U182500980     ",55,"'N38'","'38TH & CENTER OMAHA'",1961,65,"6","7","7",6,"F",13500,0,FALSE
"U182501605P    ",55,"'OLD LINCOLN HWY'","'OLD LINCLN HWY W OF 192ND'",1998,28,"6","7","7",6,"F",854,5,FALSE
"U182501705     ",55,"'S 67TH ST'","'_'",2014,12,"7","8","8",7,"G",4500,5,FALSE
"U182501805P    ",55,"'MAIN STREET'","'ELKHORN MAIN @ RAILROAD'",2000,26,"6","6","7",6,"F",1800,5,FALSE
"U182502205P    ",55,"'153RD STREET'","'153RD &AMP; PINE ST.'",1984,42,"N","N","N",6,"F",200,5,FALSE
"U182502705     ",55,"'192ND ST'","'JCT US275/192ND ST .2S'",1988,38,"7","7","7",7,"G",15860,1,FALSE
"U182502715     ",55,"'192ND ST COLL 121C'","'.9N 192ND &AMP; WEST DODG'",1978,48,"6","7","7",6,"F",7952,5,FALSE
"U182502820     ",55,"'Q ST/FAU 5026'","'OMAHA Q @ 136TH'",1980,46,"5","6","5",5,"F",23226,5,FALSE
"U182502825     ",55,"'Q ST/FAU 5056'","'118TH @ Q ST'",1962,64,"N","N","N",6,"F",29696,5,FALSE
"U182502903P    ",55,"'Y STREET'","'Y ST @ 168TH ST'",1993,33,"N","N","N",7,"G",1802,1,FALSE
"U182502905     ",55,"'180TH STREET'","'.4S 180TH & US275'",1988,38,"6","7","7",6,"F",18460,10,FALSE
"U182503005P    ",55,"'148 TH STREET'","'.2N HILLSDALE & 148TH'",1993,33,"N","N","N",7,"G",878,5,FALSE
"U182503010     ",55,"'HARRISN ST/FAU5022'","'2W N85 SARPY CL'",1987,39,"6","6","6",6,"F",15750,0,FALSE
"U182503010P    ",55,"'149TH ST'","'245&#39; SOUTH OF &QUOT;B'",1998,28,"7","7","7",7,"G",500,5,FALSE
"U182503015     ",55,"'HARRISN ST/FAU5022'","'1W N85 SARPY CL'",1986,40,"6","7","6",6,"F",15200,0,FALSE
"U182503020     ",55,"'HARRISON ST'","'2E N85 SARPY CL'",1977,49,"5","6","5",5,"F",19182,5,FALSE
"U182503110     ",55,"'168TH ST/FAS 3811'","'.2N 168TH & F STS'",1985,41,"6","7","7",6,"F",20032,1,FALSE
"U182503110P    ",55,"'158TH STREET'","'158TH &AMP; WOOLWORTH AVE'",1984,42,"N","N","N",7,"G",200,5,FALSE
"U182503310     ",55,"'156TH ST/FAU 5135'","'156TH @ CENTER ST'",1981,45,"7","7","7",7,"G",17256,1,FALSE
"U182503505L    ",55,"'144TH ST/FAU 5001'","'144TH @ F ST'",1981,45,"7","7","6",6,"F",15750,0,FALSE
"U182503505P    ",55,"'S.I.D. ROAD'","'135TH & MIAMI ST.'",1984,42,"N","N","N",6,"F",1204,5,FALSE
"U182503505R    ",55,"'144TH ST/FAU 5001'","'144TH @ F ST'",1996,30,"7","7","7",7,"G",15750,0,FALSE
"U182503512     ",55,"'144TH STREET'","'OMAHA 144TH @ FORT'",1935,91,"N","N","N",7,"G",1794,10,FALSE
"U182503513     ",55,"'144TH STREET'","'OMAHA 144TH @ IDA'",1935,91,"N","N","N",7,"G",3718,5,FALSE
"U182503702     ",55,"'132ND ST/FAU 5005'","'OMAHA 132ND @ Z ST'",1983,43,"N","N","N",7,"G",7318,5,FALSE
"U182503703     ",55,"'132ND ST/FAU 5005'","'OMAHA 132ND @ Q'",1982,44,"7","7","6",6,"F",10016,5,FALSE
"U182503705L    ",55,"'132ND ST/FAU 5003'","'OMAHA 132ND ST @ US 275'",1984,42,"7","7","7",7,"G",29806,6,FALSE
"U182503705P    ",55,"'ANDERSON AVE'","'NE EDGE MILLARD AIRPORT'",1995,31,"N","N","N",7,"G",6144,5,FALSE
"U182503705R    ",55,"'132ND ST/FAU 5003'","'OMAHA 132ND ST @ US 275'",1970,56,"5","6","6",5,"F",28698,6,FALSE
"U182503710P    ",55,"'ANDERSON AVE'","'NE EDGE MILLARD AIRPORT'",1995,31,"N","N","N",7,"G",6144,5,FALSE
"U182503905     ",55,"'120TH ST/FAU 5009'","'OMAHA 120TH @ I'",1974,52,"N","N","N",7,"G",20962,1,FALSE
"U182504105     ",55,"'108TH ST/FAU 5011'","'OMAHA 108TH @ I'",1986,40,"7","7","7",7,"G",9040,1,FALSE
"U182504305     ",55,"'96TH ST/FAU 5017'","'OMAHA 96TH @ F'",1996,30,"7","6","7",6,"F",9650,1,FALSE
"U182504515     ",55,"'84TH ST/FAU 5023'","'84TH @ GROVER ST'",1935,91,"6","7","7",6,"F",30600,0,FALSE
"U182504704     ",55,"'72ND ST /FAU 5037'","'OMAHA 72ND @ MAIN ST'",1986,40,"N","N","N",6,"F",31095,5,FALSE
"U182504705     ",55,"'72ND ST/FAU 5037'","'OMAHA 72ND @ Q'",1978,48,"6","6","6",6,"F",30600,4,FALSE
"U182504710     ",55,"'72ND ST/FAU 5037'","'OMAHA 72ND @ F'",1966,60,"4","6","5",4,"P",56260,0,TRUE
"U182504725     ",55,"'72ND ST/FAU 5037'","'OMAHA 72ND @ PACIFIC'",1954,72,"5","6","6",5,"F",45000,0,FALSE
"U182504730     ",55,"'72ND ST/FAU 5037'","'OMAHA 72ND @ PINKNEY'",1968,58,"N","N","N",5,"F",27900,0,FALSE
"U182505315     ",55,"'36TH STREET'","'OMAHA 36TH @ D'",1994,32,"7","7","7",7,"G",2000,1,FALSE
"U182505510     ",55,"'24TH ST/FAU 5083'","'OMAHA 24TH @ HICKORY'",1994,32,"6","7","7",6,"F",10818,1,FALSE
"U182505530     ",55,"'24TH STREET/FAU 50'","'OMAHA 24TH @ STORZ EXPRWY'",1984,42,"7","7","7",7,"G",3056,1,FALSE
"U182511210     ",55,"'IDA ST'","'OMAHA IDA @ 144TH ST'",1978,48,"N","N","N",7,"G",5320,10,FALSE
"U182512025     ",55,"'CASS ST/FAU 5060'","'OMAHA CASS @ 78TH'",1968,58,"7","7","6",6,"F",24184,5,FALSE
"U182512030     ",55,"'CASS ST/FAU 5060'","'OMAHA CASS @ 77TH'",1972,54,"N","N","N",5,"F",17742,5,FALSE
"U182512605P    ",55,"'L ST/FAU 5140'","'141ST &AMP; L ST'",1983,43,"6","5","6",5,"F",5984,5,FALSE
"U182512625P    ",55,"'Y STREET'","'Y ST @ 115TH ST'",2000,26,"7","7","7",7,"G",100,5,FALSE
"U182512830     ",55,"'Q ST/FAU 5026'","'OMAHA Q @ 69TH'",1983,43,"6","7","6",6,"F",9624,5,FALSE
"U182512905P    ",55,"'168TH ST'","'JCT 168TH ST/US6 .3N'",2000,26,"7","7","7",7,"G",25690,5,FALSE
"U182513125     ",55,"'168TH ST/FAS 3811'","'.3N 168TH &AMP; N64'",1997,29,"7","7","7",7,"G",13932,5,FALSE
"U182513715     ",55,"'132ND ST/FAU 5003'","'.25S 132ND & W MAPLE RD'",1980,46,"N","N","N",6,"F",22102,5,FALSE
"U182513908P    ",55,"'CITY STREET'","'.25S .2E 120 &AMP; W MAPL'",1999,27,"7","7","7",7,"G",100,1,FALSE
"U182513910     ",55,"'120TH ST/FAU 5009'","'.25S 120TH &AMP; W MAPLE'",1982,44,"6","8","7",6,"F",17634,5,FALSE
"U182513915     ",55,"'120TH ST'","'OMAHA 120TH @ W MAPLE'",1980,46,"8","8","8",8,"G",11340,5,FALSE
"U182513920     ",55,"'120TH ST/FAU 5009'","'OMAHA 120TH @ MILITARY'",1978,48,"N","N","N",7,"G",5298,5,FALSE
"U182514510P    ",55,"'78TH STREET'","'JCT N133/L-28K 1E .4N'",1996,30,"N","N","N",6,"F",4106,5,FALSE
"U182514515P    ",55,"'VANE STREET'","'.1E 78TH ST ON VANE ST'",1996,30,"N","N","N",6,"F",200,5,FALSE
"U182520260     ",55,"'DUTCH HALL ROAD'","'2E N133 WASHINGTON CL'",1998,28,"7","7","7",7,"G",100,5,FALSE
"U182521040     ",55,"'STATE ST/FAU 5134'","'OMAHA STATE @ 90TH'",1984,42,"N","N","N",7,"G",2100,5,FALSE
"U182521415P    ",55,"'AMES AVE'","'.4N W MAPLE RD/N 168TH ST'",1995,31,"N","N","N",6,"F",500,5,FALSE
"U182521420     ",55,"'FORT ST/FAU 5082'","'JCT I680/N133 1.1S 1.8W'",1980,46,"7","7","6",6,"F",21944,5,FALSE
"U182521425     ",55,"'FORT ST/FAU 5082'","'FORT ST @ 88TH ST'",1983,43,"6","7","6",6,"F",11718,5,FALSE
"U182521820     ",55,"'FAS 5066'","'162ND &AMP; BLONDO'",1982,44,"6","6","6",6,"F",10264,45,FALSE
"U182521825     ",55,"'BLONDO ST/FAU 5066'","'JCT I680/US6 1N .8W'",1999,27,"7","7","7",7,"G",29320,5,FALSE
"U182522217     ",55,"'PACIFIC ST/FAU5044'","'OMAHA PACIFIC @ 162ND ST'",1980,46,"7","7","7",7,"G",24566,5,FALSE
"U182522218     ",55,"'FAU5044/PACIFIC ST'","'OMAHA PACIFIC @ 160TH ST'",1991,35,"6","7","6",6,"F",30810,5,FALSE
"U182522220     ",55,"'PACIFIC ST/FAU5044'","'PACIFIC @ 107TH ST'",1968,58,"7","7","7",7,"G",32400,0,FALSE
"U182522225     ",55,"'PACIFIC ST/FAU5044'","'OMAHA PACIFIC @ 69TH'",1970,56,"6","7","6",6,"F",26100,0,FALSE
"U182522300     ",55,"'SEWARD STREET'","'SEWARD ST& COLE CR OMAHA'",2009,17,"N","N","N",7,"G",2266,5,FALSE
"U182522835     ",55,"'Q ST'","'OMAHA Q @ 42ND'",2017,9,"8","8","8",8,"G",18224,1,FALSE
"U182522840     ",55,"'Q ST'","'OMAHA Q @ 26TH'",2020,6,"7","8","8",7,"G",19800,0,FALSE
"U182525140     ",55,"'N 48TH STREET'","'N 48TH @ MORMAN BRG ROAD'",2001,25,"N","N","N",6,"F",100,1,FALSE
"U182530960     ",55,"'GIBSON RD VIADUCT'","'GIBSON RD & US275 OMAHA'",2008,18,"7","8","7",7,"G",2316,35,FALSE
"U182531605     ",55,"'PRATT STREET'","'OMAHA PRATT @ 70TH'",1935,91,"N","N","N",7,"G",1900,5,FALSE
"U182531625P    ",55,"'124TH ST/FAU 5152'","'.3SW OF 120TH/MAPLE ST'",1992,34,"6","7","6",6,"F",2970,0,FALSE
"U182531830     ",55,"'BLONDO ST/FAU 5066'","'OMAHA BLONDO @ 85TH'",1977,49,"7","7","6",6,"F",21390,1,FALSE
"U182531835     ",55,"'BLONDO ST/FAU 5066'","'BLONDO @ 78TH ST'",1981,45,"6","6","7",6,"F",22112,5,FALSE
"U182532605     ",55,"'F ST/FAU 5028'","'F @ 80TH ST'",1974,52,"6","6","7",6,"F",8574,5,FALSE
"U182536466     ",55,"'CITY STREET'","'1W 680 ON OLD 6 OMAHA'",1959,67,"6","7","7",6,"F",103275,2,FALSE
"U182542615     ",55,"'F ST/FAU 5030'","'OMAHA F @ 34TH'",1995,31,"5","7","7",5,"F",4228,1,FALSE
"U182542620     ",55,"'F ST/FAU 5030'","'OMAHA F @ DAHLMAN'",1995,31,"7","7","7",7,"G",4228,5,FALSE
"U182542625     ",55,"'F ST/FAU 5030'","'OMAHA F @ BUCKINGHAM'",1982,44,"6","7","7",6,"F",7254,10,FALSE
"U1825A1005     ",55,"'NORTH RIDGE DRIVE'","'OMAHA N RIDGE DR @ STATE'",1984,42,"7","7","7",7,"G",300,2,FALSE
"U1825A5150     ",55,"'MORM BR RD/FAU5047'","'JCT US73/N36 .1W .1S'",2002,24,"N","N","N",6,"F",4500,0,FALSE
"U1825B4710     ",55,"'ABBOT DR. OMAHA'","'ABBOT DR EAST OF 13TH ST.'",2003,23,"7","8","8",7,"G",2300,0,FALSE
"U1825B5105     ",55,"'46TH STREET'","'OMAHA 46TH @ U'",1935,91,"7","6","6",6,"F",100,10,FALSE
"U1825B5505     ",55,"'J J PERSHING DR'","'OMAHA JJ PERSHING @ READ'",1966,60,"7","7","7",7,"G",8574,5,FALSE
"U1825C2005     ",55,"'S BRDG RD/FAU5164'","'S BRIDGE ROAD @ 111TH ST'",1970,56,"6","7","7",6,"F",14690,5,FALSE
"U1825C2605     ",55,"'I ST/FAU 5028'","'OMAHA I @ 120TH'",1981,45,"7","7","7",7,"G",15698,5,FALSE
"U1825C5515     ",55,"'FLORENCE BLVD'","'FLRNCE/STORZ EXP INTRCHG'",1983,43,"7","7","7",7,"G",4006,1,FALSE
"U1825D1215     ",55,"'REDICK AVE/FAU5088'","'REDICK AVE @ 65TH ST'",1996,30,"N","N","N",5,"F",21200,0,FALSE
"U1825D1825     ",55,"'PRIVATE ACESS ROAD'","'111TH ST @ CHARLES ST'",1987,39,"7","7","7",7,"G",200,2,FALSE
"U1825D2201     ",55,"'AK-SAR-BEN ACCESS'","'WOOLWORTH AVE @ 69TH ST'",1961,65,"6","6","6",6,"F",1000,2,FALSE
"U1825D2205     ",55,"'WOOLWORTH AVE'","'OMAHA WOOLWORTH @ 39TH'",1989,37,"7","7","7",7,"G",2222,1,FALSE
"U1825D2405     ",55,"'VINTON ST/FAU 5036'","'OMAHA VINTON @ 28TH'",1985,41,"7","7","6",6,"F",4692,1,FALSE
"U1825D4725     ",55,"'63RD ST'","'63RD @ F ST'",1998,28,"N","N","N",6,"F",25,5,FALSE
"U1825E1405     ",55,"'BOYD ST/FAU 5078'","'OMAHA BOYD @ 88TH'",1984,42,"6","7","7",6,"F",5960,5,FALSE
"U1825E2225     ",55,"'PINE STREET'","'OMAHA PINE @ 69TH'",1998,28,"6","7","7",6,"F",10100,2,FALSE
"U1825E3705     ",55,"'126TH STREET'","'OMAHA 126TH @ PEDERSEN'",1935,91,"N","N","N",7,"G",300,5,FALSE
"U1825E4305     ",55,"'PADDOCK ROAD'","'OMAHA PADDOCK @ W CENTER'",1972,54,"6","6","6",6,"F",4936,10,FALSE
"U1825E5105     ",55,"'F ST/FAU 5030'","'OMAHA F @ 43RD'",1973,53,"5","5","5",5,"F",6532,1,FALSE
"U1825E5315     ",55,"'DAHLMAN AVE'","'OMAHA DAHLMAN @ A'",1999,27,"7","7","7",7,"G",2908,5,FALSE
"U1825F1405     ",55,"'AMES AVE/FAU 5080'","'OMAHA AMES @ 66TH'",1935,91,"N","N","N",6,"F",17460,0,FALSE
"U1825F3705     ",55,"'SELDIN DRIVE'","'OMAHA SELDIN @ PEDERSEN'",1935,91,"N","N","N",6,"F",100,5,FALSE
"U1825F4105     ",55,"'105TH ST/FAU 5013'","'OMAHA 105TH @ FRANCES'",1935,91,"N","N","N",6,"F",4488,5,FALSE
"U1825F4110     ",55,"'105TH ST/FAU 5013'","'OMAHA 105TH @ PACIFIC'",1984,42,"6","6","5",5,"F",7110,0,FALSE
"U1825G3515     ",55,"'POTWIN ST'","'OMAHA POTWIN @ 134TH'",1988,38,"N","N","N",8,"G",200,1,FALSE
"U1825G3705     ",55,"'A STREET'","'OMAHA A @ PEDERSEN'",1935,91,"N","N","N",7,"G",500,5,FALSE
"U1825G4305     ",55,"'90TH ST/FAU 5019'","'OMAHA 90TH @ HOLMES'",1935,91,"N","N","N",5,"F",4948,5,FALSE
"U1825G4905     ",55,"'52ND AVE.'","'.2SW OF N36 & 52ND AVE.'",1965,61,"N","N","N",6,"F",300,10,FALSE
"U1825G5105     ",55,"'42ND ST/FAU 5057'","'OMAHA 42ND @ D'",1960,66,"4","4","5",4,"P",38000,5,TRUE
"U1825G5110     ",55,"'42ND ST/FAU 5057'","'OMAHA 42ND @ I80'",1960,66,"4","4","5",4,"P",38000,5,TRUE
"U1825H1605     ",55,"'BEDFORD AVENUE'","'OMAHA BEDFORD @ 72ND'",1972,54,"N","N","N",6,"F",1200,5,FALSE
"U1825H1805     ",55,"'WESTERN AVE'","'OMAHA WESTERN @ 83RD'",1963,63,"6","7","6",6,"F",4442,5,FALSE
"U1825H1810     ",55,"'WESTERN AVE'","'OMAHA WESTERN @ 77TH'",2005,21,"N","N","N",8,"G",4442,5,FALSE
"U1825H2405     ",55,"'GROVER ST/FAU 5036'","'OMAHA GROVER @ 66TH'",1983,43,"6","7","7",6,"F",14106,5,FALSE
"U1825H3705     ",55,"'C STREET'","'OMAHA C @ PEDERSEN'",1935,91,"N","N","N",6,"F",200,5,FALSE
"U1825H5155     ",55,"'PRIVATE DRIVE'","'37TH ST. S OF MCKINLEY'",1997,29,"N","N","N",7,"G",200,2,FALSE
"U1825I2603     ",55,"'N STREET'","'OMAHA N @ 118TH'",1980,46,"5","6","6",5,"F",400,5,FALSE
"U1825I4705     ",55,"'64TH AVENUE'","'OMAHA 64TH @ CASTELAR'",1978,48,"N","N","N",7,"G",200,5,FALSE
"U1825J1205     ",55,"'HARTMN AVE/FAU5084'","'OMAHA HARTMAN @ 65TH'",1980,46,"5","7","7",5,"F",6408,5,FALSE
"U1825J1225     ",55,"'STORZ EXPRESSWAY'","'STORZ EXP  @ 12TH ST'",1987,39,"7","7","7",7,"G",8100,0,FALSE
"U1825J2205     ",55,"'MERCY RD/FAU 5040'","'OMAHA MERCY @ 65TH'",1980,46,"7","5","6",5,"F",5574,5,FALSE
"U1825J4905     ",55,"'50TH ST.'","'.2S N36 & 50TH ST.'",1965,61,"N","N","N",6,"F",200,1,FALSE
"U1825J5105     ",55,"'39TH ST'","'OMAHA 39TH @ O'",2002,24,"7","7","7",7,"G",500,5,FALSE
"U1825J5505     ",55,"'16TH ST/FAU 5095'","'OMAHA 16TH @ MASON'",1998,28,"7","7","7",7,"G",2840,1,FALSE
"U1825K1435     ",55,"'OLD MPL RD/FAU5154'","'118TH & MAPLE ST'",1994,32,"7","7","7",7,"G",1610,5,FALSE
"U1825K2205     ",55,"'MARTHA ST/FAU 5038'","'OMAHA MARTHA @ 26TH'",1990,36,"6","7","7",6,"F",13846,1,FALSE
"U1825K4510     ",55,"'BURT STREET'","'OMAHA BURT @ 77TH'",1935,91,"7","7","7",7,"G",400,5,FALSE
"U1825M1205     ",55,"'PARKVIEW LANE'","'PARKVIEW LANE @ 66TH'",1982,44,"N","N","N",6,"F",700,5,FALSE
"U1825N3115     ",55,"'B.BOOZER FAU/5135'","'.5N 156TH & US275'",2007,19,"6","7","7",6,"F",12832,5,FALSE
"U1825Q2005     ",55,"'MASON STREET'","'OMAHA MASON @ 16TH'",1998,28,"7","7","7",7,"G",552,10,FALSE
"U1825Q3505     ",55,"'ARBOR STREET'","'OMAHA ARBOR @ 129TH'",1977,49,"7","6","5",5,"F",430,10,FALSE
"U1825Q5505     ",55,"'10TH ST/FAU 5103'","'OMAHA 10TH @ LEAVENWORTH'",2000,26,"7","7","7",7,"G",5256,1,FALSE
"U1825Q5510     ",55,"'10TH ST/FAU 5103'","'OMAHA 10TH FARNAM/DOUGLAS'",1983,43,"7","7","7",7,"G",10707,1,FALSE
"U1825R1805     ",55,"'N BRDG RD/FAU5011'","'N BRIDGE RD @ 111TH ST'",2004,22,"7","7","7",7,"G",11262,5,FALSE
